{"cameraMode":{"drawMode":0,"name":"Shaded","section":"Shading Mode"},"sceneLighting":false,"audioPlay":false,"sceneViewState":{"showFog":false,"showMaterialUpdate":false,"showSkybox":false,"showFlares":false,"showImageEffects":false,"showParticleSystems":false},"in2DMode":false,"pivot":{"x":187.41549682617188,"y":47.72581100463867,"z":122.52811431884766},"rotation":{"x":-0.05316516011953354,"y":0.0864497572183609,"z":0.004619607236236334,"w":0.994835376739502},"size":10.0,"orthographic":false}