{"cameraMode":{"drawMode":0,"name":"Shaded","section":"Shading Mode"},"sceneLighting":true,"audioPlay":false,"sceneViewState":{"showFog":true,"showMaterialUpdate":false,"showSkybox":true,"showFlares":true,"showImageEffects":true,"showParticleSystems":true},"in2DMode":false,"pivot":{"x":-6.672926902770996,"y":56.84752655029297,"z":-12.84929084777832},"rotation":{"x":-0.27545225620269778,"y":-0.3239723742008209,"z":0.09743329882621765,"w":-0.9001489281654358},"size":4.2326979637146,"orthographic":false}